203,BIHAR,Pashchim Champaran,3935042,2061110,1873932,1759481,1091226,668255,553944,289191,264753,250046,127680,122366,1478947,999282,479665,797544,681403,2456095,217539,998833,38691,223884,3047427,865090,8469,926,1337,296,1895,9602,38414,57546,3495,41143,839514,96620,936134,1053481,543965,250243,159563,98732,70669,6035,2182688,1710878,3893566,2544205,888205,497793,4839,425249,10911,183497,48435,12934,346729,3094,69056,371137,11474,36635,647438,270894,112382,694531,7910,211606,1841,10707,2928,1612,9896,437171,588382,5830,673647,67,521,5592,6825,282250,368844,645,19577,2006,18044,66944,84988,70446,299420,102964,126010,249111,74546,56971,508159,109279,26324,35133,6684,2125,55494,935,1347,621,1968,138,21,159,30,49,79,40,3181
204,BIHAR,Purba Champaran,5099371,2681209,2418162,2276957,1407603,869354,649726,340363,309363,12461,6454,6007,1737539,1260774,476765,1132789,604750,3361832,349032,1057417,46164,284926,4086453,990349,4865,668,878,464,104,15590,52358,74979,7719,70258,1142260,101565,1243825,1280809,982506,450631,241118,121594,68781,5149,3150588,2142757,5293345,3316422,1122340,648009,12600,611212,19282,357603,78531,24362,546993,5686,96546,585210,13855,55372,898000,391064,179522,967001,9489,289405,5190,14040,3095,1429,14280,593239,796841,6973,945481,96,471,6001,7643,430949,470416,1075,20310,2653,20306,110085,130391,115248,447128,155286,176594,329859,76925,82938,747255,129176,26188,34713,6446,2079,73159,1194,1754,797,2551,223,18,241,25,40,65,47,4098
205,BIHAR,Sheohar,656246,346673,309573,283698,171645,112053,96655,51089,45566,318,177,141,216372,166693,49679,137804,78568,439874,38727,136334,9119,32192,552492,99342,522,216,73,52,44,3505,3983,10004,478,6698,158484,7516,166000,128209,91277,37063,25657,16031,10091,661,308989,348078,657067,421241,139909,93398,1698,73447,1410,56957,7678,2267,79360,430,11722,83296,1669,5295,135021,52118,30398,147280,830,41108,1721,4592,589,249,4936,96771,116626,389,145016,10,55,718,923,75837,57924,140,2091,371,6732,26938,33670,22278,71746,25002,24466,39484,3989,15128,124984,8303,733,897,136,28,14705,173,211,90,301,4,1,5,2,3,5,4,489
206,BIHAR,Sitamarhi,3423574,1803252,1620322,1436794,885188,551606,405714,213624,192090,2989,1585,1404,1114583,865929,248654,753645,360938,2308991,216012,635907,37932,224732,2672311,740101,2897,261,253,188,20,7543,39465,66263,3460,42461,807294,49670,856964,733380,394422,196321,136500,92783,70549,11936,1635891,1852765,3488656,2206340,739982,449035,28217,317432,7292,252121,38576,12246,318780,3144,61089,340890,9864,45624,642364,217626,152392,720630,6856,150255,11322,12987,2963,1191,19791,515457,573730,2238,710373,64,302,6150,7058,358607,251811,542,10992,3523,23067,113986,137053,102555,357069,125274,129240,210775,28186,122665,602916,59010,7662,9470,1464,344,61687,866,1150,520,1670,69,10,79,14,22,36,29,2679
207,BIHAR,Madhubani,4487379,2329313,2158066,2155338,1340085,815253,587158,303389,283769,3990,2056,1934,1636938,1105947,530991,1074091,562847,2850441,396880,940642,54934,244482,3652168,818912,3262,564,328,442,169,11534,47090,113281,5319,65548,1047552,41234,1088786,783888,771417,520875,303114,170563,137780,11352,2698989,2003079,4702068,2860455,1009424,611899,5601,416574,11636,300530,59254,19016,452569,4200,73851,486531,14946,43081,704604,235903,166993,884913,8410,172231,18924,16915,3401,1462,19942,665636,725870,2224,859607,349,546,11240,13393,412398,346397,1258,19775,30900,20753,102414,123167,108433,441220,157322,175465,278421,58731,142744,681994,116811,22106,28218,4700,1412,74516,1090,1535,668,2203,165,7,172,10,17,27,26,3520
208,BIHAR,Supaul,2229076,1155283,1073793,1033283,647672,385611,354249,182545,171704,10168,5242,4926,877682,551718,325964,472649,405033,1351394,201882,554271,22555,98974,1809936,409251,3758,271,136,546,42,5136,12111,51028,1845,25078,572287,27815,600102,467768,269737,157787,99530,69665,45726,5850,1116063,1220268,2336331,1453438,495020,277610,3008,192734,4064,107152,21885,6271,195500,1099,26559,207212,5441,22190,258497,152501,47753,430158,5069,134630,10561,5817,883,415,5334,288303,389547,1260,425676,43,265,6634,7366,145728,273702,424,5373,12245,7736,46159,53895,53452,223470,80317,89701,141160,22279,21374,345385,55898,9148,10961,1483,330,28560,533,797,350,1147,114,5,119,8,12,20,15,1836
209,BIHAR,Araria,2811569,1463333,1348236,1195768,727643,468125,382654,198247,184407,38848,19887,18961,1069893,708391,361502,696410,373483,1741676,222913,691947,24367,130666,1593525,1207442,4116,371,187,1910,63,3955,17004,43290,2561,29796,659061,44213,703274,625357,426625,206161,112955,68177,39627,6938,1485840,1653766,3139606,1872943,612012,324091,2523,279254,5041,125606,31983,8513,225586,1645,40387,240730,6631,21557,295636,225043,52549,550065,6185,204426,3621,8308,1442,753,6741,336412,505071,718,543136,34,611,7171,8327,213049,317350,511,8056,54827,12500,67876,80376,73656,277849,97412,106781,175194,28036,31056,459413,47807,6416,7782,1067,299,46453,708,866,375,1241,24,9,33,12,20,32,22,2035
210,BIHAR,Kishanganj,1690400,866970,823430,745056,439921,305135,113118,57964,55154,64224,32506,31718,529064,421192,107872,384416,144648,1161336,107862,321867,11633,87702,531236,1149095,5783,398,183,1476,28,2201,11715,58718,1093,14073,401793,43357,445150,356401,235779,89025,42778,25989,15386,3761,769119,945397,1714516,1139615,361114,188447,1224,177516,2436,51858,19539,4204,122353,1022,28736,130592,4035,13210,111597,108435,34858,326865,4776,94113,8431,6661,994,399,5479,227276,297250,7220,315573,17,527,7046,7913,159662,142448,323,4264,29710,12920,37799,50719,44945,153832,53447,55440,108403,22757,33601,276414,16858,2134,2594,382,78,39845,402,574,260,834,55,9,64,13,20,33,14,1347
211,BIHAR,Purnia,3264619,1699370,1565249,1332326,805261,527065,390991,203201,187790,139490,71391,68099,1143318,803275,340043,776385,366933,2121301,197424,745015,28840,172039,1989420,1255641,7989,614,353,1450,650,8502,33688,86058,4170,33664,712847,85749,798596,668690,360243,184327,119259,83226,59996,11116,1486857,1798786,3285643,2155512,696556,372692,39859,291919,8390,126408,40178,9510,241206,4252,63200,258284,7568,35470,246639,234013,87774,624039,8720,197240,5222,16479,2055,888,12230,406700,547032,1415,606448,37,1390,16517,18780,273244,314626,836,12331,59597,17045,75176,92221,82784,304012,107266,113962,205154,39326,52843,517258,53373,8430,10296,1478,388,59786,822,1115,521,1636,74,16,90,22,35,57,36,2641
212,BIHAR,Katihar,3071029,1600430,1470599,1280190,762256,517934,263100,136429,126671,179971,92190,87781,1013566,760522,253044,667602,345964,2057463,168857,672291,20577,151841,1684589,1365645,8659,2754,212,507,2141,6522,32570,60900,2941,27263,668232,69838,738070,472616,444260,237243,133811,88498,57114,11896,1445438,1705551,3150989,2054202,660403,353483,2941,285976,5118,132058,35004,8276,223358,2847,60110,239686,8052,31743,333662,200849,108018,595596,11309,160030,5354,23821,2565,925,16666,416214,501555,3749,580446,61,916,15849,17306,239547,314391,480,13810,44891,20222,71206,91428,83087,297110,105287,108736,190893,37632,63125,505400,43516,6587,8148,1233,328,59999,732,1069,491,1560,124,14,138,20,33,53,31,2516
213,BIHAR,Madhepura,2001762,1047559,954203,834577,517666,316911,346275,179337,166938,12532,6442,6090,777546,496046,281500,443507,334039,1224216,190809,484062,16347,86328,1753829,241760,1342,170,60,133,81,4387,12302,23236,1397,23309,486278,24000,510278,340813,189431,114474,99437,79891,44955,6509,875510,1202278,2077788,1311771,444235,242382,3374,169936,4560,74766,21254,5950,171436,1231,23209,182773,5387,25170,206218,139028,52388,394241,3072,119783,3444,8952,1103,430,8665,261973,345092,1604,384905,70,148,6436,6937,153322,218811,283,6388,9086,6090,46102,52192,52354,203093,72963,77776,126649,19067,28868,324221,42330,6610,8126,1211,305,26324,487,651,285,936,45,3,48,4,7,11,12,1494
214,BIHAR,Saharsa,1900661,997174,903487,804996,506374,298622,317249,164518,152731,6009,3101,2908,649898,456724,193174,363326,286572,1250763,164600,356833,18651,109814,1629254,266620,1292,197,60,109,8,3121,21651,41342,1668,19415,432651,38046,470697,348300,194897,104182,90182,64560,47051,6016,855188,1151349,2006537,1249692,415863,233870,1236,129847,3824,60611,20489,4957,155660,1688,30518,166317,5700,24592,231080,113421,61597,359161,5426,87915,3961,9080,1375,407,7728,254791,302007,3285,349271,104,299,7281,7992,158574,174742,308,6629,10505,5742,39031,44773,43608,179102,64222,71272,122491,21846,34896,291291,43704,8148,10170,1600,422,23047,464,672,311,983,78,8,86,11,18,29,21,1582
215,BIHAR,Darbhanga,3937385,2059949,1877436,1816634,1125566,691068,615688,322327,293361,2772,1361,1411,1223640,947927,275713,731347,492293,2713745,236673,642115,44846,300006,3042729,881476,3534,832,245,236,101,8232,59510,127442,6280,53205,907174,95539,1002713,672797,490534,332382,224622,152540,129597,26073,2028545,2203198,4231743,2535344,865971,529314,6756,320695,10325,199508,52586,17179,407567,5197,80085,440719,15973,65837,592006,247667,202524,785953,10615,175999,16793,23778,3717,1779,22536,558119,592201,868,771056,111,860,8972,11188,332426,345511,1245,19499,38607,18736,97067,115803,102760,396000,141310,151930,249637,44346,127849,634400,81916,13027,16149,2468,654,73321,994,1489,695,2184,211,16,227,23,37,60,49,3514
216,BIHAR,Muzaffarpur,4801062,2527497,2273565,2509232,1487117,1022115,751975,393135,358840,5979,3124,2855,1547586,1195308,352278,910304,637282,3253476,273436,769001,65253,439896,4032773,745546,5149,933,288,382,98,15893,87796,180651,10290,73012,998694,120700,1119394,1092952,743623,419433,299475,194920,138916,14475,2903794,1924438,4828232,3016735,1079189,697108,8030,548802,23333,259307,94249,30120,499073,11643,172027,547479,18286,78566,848646,346386,256532,911967,22474,232633,9922,21438,3599,1688,25203,601477,679781,6804,874936,209,570,11837,14071,414460,446177,1455,44121,27130,22443,104046,126489,114417,459200,164807,179976,297357,64817,87226,702089,126765,24479,32056,5670,1907,86953,1064,1719,828,2547,322,22,344,30,49,79,70,4105
217,BIHAR,Gopalganj,2562012,1267666,1294346,1382998,793905,589093,320064,159265,160799,60807,29833,30974,728201,539586,188615,363111,365090,1833811,208959,338666,26049,154527,2119262,436057,2463,271,167,133,28,3631,31193,69375,3707,33596,515925,38133,554058,540603,470828,291624,223776,123249,79109,7690,1736879,977719,2714598,1642807,546202,370662,2341,312727,9508,154764,51902,13560,296491,3571,61380,316314,6263,33324,370511,209045,84425,412706,5453,155311,992,5837,2101,740,5159,212682,333174,950,399026,70,229,2591,3307,143078,255329,417,16485,786,7841,23345,31186,29960,145088,49267,65861,157982,87471,23320,248009,89316,32551,48075,10885,4639,36327,596,1022,458,1480,229,9,238,12,20,32,25,2370
218,BIHAR,Siwan,3330464,1675090,1655374,1930175,1115906,814269,386685,195965,190720,87000,43472,43528,932416,730396,202020,462104,470312,2398048,264928,376344,31244,259900,2712635,608282,2618,369,407,359,86,5708,42384,52935,3834,37833,632514,41858,674372,689880,612635,445257,355277,186817,119164,12091,2421121,1207119,3628240,2115448,713597,498299,3120,382782,10891,181860,64065,14390,378819,4088,74071,401299,8090,44252,502991,276680,124672,535085,6347,204642,1873,9063,2589,788,6797,268199,414315,1883,518473,58,259,2685,3415,158086,358850,413,19043,1279,10879,31553,42432,39746,191273,65249,86278,203685,107489,27943,323877,114884,41033,61005,13821,6151,45113,734,1292,596,1888,318,9,327,13,21,34,32,3014
219,BIHAR,Saran,3951862,2022821,1929041,2157454,1285767,871687,474066,242976,231090,36786,18322,18464,1040231,857660,182571,545520,494711,2911631,232097,493461,42103,272570,3534772,406449,2330,371,229,322,107,7282,51822,94787,4509,37442,701323,76299,777622,793945,693465,433759,361171,213251,148065,9848,2653504,1313700,3967204,2516115,847031,585386,3330,431759,10948,243581,68604,15821,398651,5009,128169,423960,9488,55407,586793,276656,137526,628222,8764,203347,3010,7473,2889,1249,7986,365086,495841,24127,578710,71,435,6158,7068,207758,381637,404,27833,5389,13380,38867,52247,47876,226877,77631,101370,238266,124352,52347,384243,132367,47458,70773,16311,7004,54359,892,1553,726,2279,355,19,374,27,43,70,52,3667
220,BIHAR,Vaishali,3495021,1844535,1650486,1926740,1152576,774164,738031,387827,350204,2274,1232,1042,1060344,858648,201696,716006,344338,2434677,255017,502637,36958,265732,3152346,333980,2203,707,362,246,71,5106,47300,70001,4810,39564,699317,51494,750811,810191,487594,370247,291392,178320,124448,9094,2271286,1479152,3750438,2176701,759132,486032,73156,397202,11316,200083,60246,15248,365200,4366,101269,390123,9675,76918,563063,208882,171904,620927,6879,152019,7339,20756,2385,861,22210,423744,453163,31303,569778,183,458,6561,8111,295371,259500,909,18159,11051,10568,51344,61912,61291,285265,101129,122845,217871,67578,77755,435592,112105,30410,41647,8375,2862,43282,773,1254,573,1827,240,12,252,17,27,44,35,2930
221,BIHAR,Samastipur,4261566,2230003,2031563,2142880,1293575,849305,803128,417944,385184,1884,975,909,1343400,1037576,305824,907433,435967,2918166,299039,721629,47917,274815,3800598,452370,2126,554,292,231,112,5283,46123,88021,5379,50918,1012979,43486,1056465,781038,710468,438908,284082,186153,129933,19126,2549708,1996651,4546359,2766930,913339,568812,12485,458268,10621,183813,56464,16741,412873,4320,84248,441421,11807,81471,733280,213527,159459,829443,10874,149960,14232,18504,2236,1080,20267,636826,683046,20018,797103,100,542,7697,9429,384786,352172,1090,20385,34740,19043,94848,113891,100052,404835,142305,162478,274280,57347,113395,657647,102513,21642,27676,4775,1259,62517,1005,1534,661,2195,248,6,254,8,13,21,23,3500
222,BIHAR,Begusarai,2970541,1567660,1402881,1548673,918507,630166,432270,227481,204789,1597,848,749,938182,715345,222837,591811,346371,2032359,146035,430870,58167,303110,2554330,407348,2209,402,229,276,57,5690,49493,120373,4644,43127,594377,139248,733625,577601,484502,291877,207136,144783,101836,14599,1822334,1242551,3064885,1951688,644874,369996,3983,295852,9821,106532,41377,13978,309910,4767,76761,334335,10447,67430,494402,193224,186662,577162,10968,123977,5170,31220,2975,1415,34003,402886,399392,14845,547417,135,211,8661,9665,219003,313654,658,21384,4641,13797,71413,85210,73578,286725,101080,112067,184650,39525,63453,473100,59643,12420,16403,2970,1013,46964,751,1029,447,1476,92,5,97,5,8,13,18,2354
223,BIHAR,Khagaria,1666886,883786,783100,768028,461153,306875,247161,130191,116970,675,352,323,560805,398216,162589,306283,254522,1106081,104517,325731,20816,109741,1486989,175588,1253,143,79,86,115,2633,15401,40641,1580,21654,373696,21007,394703,350601,233494,130004,100555,65931,38697,5969,925251,903323,1828574,1114645,355531,195796,914,99898,3120,56603,14047,5031,149998,1113,31220,159866,4837,29053,230762,88774,78061,321312,3292,59622,1213,14397,2114,584,15200,238927,245535,1604,311073,50,183,3392,3924,148230,142226,299,9814,6515,5547,39429,44976,40886,154724,53562,60276,109253,18748,37245,269846,29736,4781,6121,1043,297,21998,406,535,245,780,28,5,33,7,11,18,16,1254
224,BIHAR,Bhagalpur,3037766,1615663,1422103,1573066,937669,635397,318569,169667,148902,67180,35545,31635,983528,740056,243472,534129,449399,2054238,135161,475228,60461,312678,2487866,537098,3556,415,180,1050,32,7569,63241,174534,6764,46929,522527,130634,653161,614644,524322,300767,247079,154643,118843,16119,1976417,1139715,3116132,1952879,674660,397654,12573,220531,8644,131976,47618,13542,284153,8210,117040,308044,10349,48643,447618,208730,189954,540365,13460,119362,8046,33566,4187,1904,28147,354576,362961,58207,437176,208,1431,14245,16767,209060,250177,883,45919,30554,9815,49203,59018,63325,264904,96431,105148,191216,48168,104069,430436,71666,14964,19816,3692,1160,41388,667,1127,593,1720,215,30,245,42,69,111,70,2814
225,BIHAR,Banka,2034763,1067140,967623,965321,590961,374360,247858,129663,118195,90432,45901,44531,771080,517817,253263,374097,396983,1263683,172440,462614,26680,109346,1772655,250925,6138,139,113,94,1035,3664,15459,62359,1704,22300,425604,18492,444096,408188,386707,196305,120653,63103,35767,3922,1214645,879831,2094476,1291235,462080,278863,2585,159201,3258,78757,24398,6235,170898,1339,32859,181116,3983,25641,341709,88429,46555,372571,3728,65488,9460,3944,908,475,5766,291584,330510,94533,253728,329,5796,5121,11712,161124,108991,466,15071,2243,6776,32221,38997,41314,181580,65753,74513,128170,31266,109898,272892,63056,14195,18917,3613,1109,25148,510,764,325,1089,112,4,116,5,8,13,10,1738
226,BIHAR,Munger,1367765,729041,638724,801817,473741,328076,183846,97195,86651,21404,10995,10409,426658,327453,99205,233402,193256,941107,45953,196449,16690,167566,1252319,110416,1815,338,95,145,61,2576,49141,90461,2653,17946,222281,85782,308063,226699,158699,146414,147152,101907,64469,4394,849734,498676,1348410,860147,316713,188319,2586,112707,3755,56958,24259,6558,138260,2838,69973,149671,4853,20065,236192,109560,102385,248457,11182,59858,1855,12592,2634,1030,13116,154189,158542,48900,184033,118,862,4871,6270,93833,126411,419,20237,7168,4944,23445,28389,30778,130791,47936,52077,85773,18796,43505,199555,33704,6965,9066,1638,463,21424,287,554,307,861,137,20,157,29,46,75,42,1424
227,BIHAR,Lakhisarai,1000912,526345,474567,507270,305182,202088,153209,80069,73140,8333,4247,4086,326576,240494,86082,201866,124710,674336,78532,159970,13546,74528,956396,40886,487,140,52,78,52,2821,12938,44491,1186,8862,175882,31763,207645,172076,149312,111684,85807,48001,27261,3814,597955,450967,1048922,650642,218840,130655,775,49052,2415,28996,9577,2869,90531,747,31048,95917,2517,12827,146148,60658,52316,158930,3444,39423,965,7591,971,462,8540,103772,109840,21038,127198,184,425,3221,4162,58733,75362,332,9477,1875,2515,10049,12564,12890,64137,22380,28867,62457,25272,30335,101792,30165,9874,14340,3109,1357,18133,222,376,181,557,75,8,83,11,17,28,15,904
228,BIHAR,Sheikhpura,636342,329743,306599,328676,196431,132245,131115,67582,63533,617,305,312,224655,151569,73086,148002,76653,411687,54511,109696,9917,50531,596102,37653,313,75,41,43,31,2084,6803,20065,631,8873,108293,24345,132638,129673,110525,59529,52860,33856,19676,3399,409518,305609,715127,413475,136898,85045,924,33652,1728,20176,6933,2163,57043,635,16279,61568,2362,9398,93800,35018,30019,100345,2119,22966,1852,5778,603,402,3288,68730,72266,8860,85547,75,49,2275,2558,42462,38651,159,5094,526,1918,6427,8345,7547,36901,12786,16568,39065,19437,22635,61869,21544,7777,11485,2536,1172,8850,153,231,116,347,30,5,35,7,12,19,12,565
229,BIHAR,Nalanda,2877653,1497060,1380593,1519933,919558,600375,607672,315240,292432,1442,728,714,1045420,703405,342015,740949,304471,1832233,221240,534021,52585,237574,2669775,198033,1978,393,414,561,64,6435,43761,101378,4156,43848,514141,102522,616663,581978,486266,320839,274556,177358,133032,11159,1985188,1324385,3309573,1829128,642197,403129,3199,121583,7955,81505,29239,12973,250849,3720,87070,273472,9650,44622,444936,180298,149675,464186,17540,122948,7136,18056,3402,1462,12505,307024,330701,38426,390009,325,303,10732,12252,164405,223694,892,38617,6072,9824,33798,43622,39387,191481,68723,83371,175870,76349,99223,297609,99650,32597,46830,10089,4144,43233,624,1064,523,1587,216,22,238,31,51,82,48,2578
230,BIHAR,Patna,5838465,3078512,2759953,3459679,2028047,1431632,920918,482088,438830,9069,4717,4352,1881886,1436411,445475,1371267,510619,3956579,271216,658203,85349,867118,5356075,439952,12551,4803,1062,2151,203,21668,321307,546859,40692,132582,657991,552103,1210094,1244842,1095655,920051,698351,463361,452340,46126,4920726,2590473,7511199,3626564,1382654,815638,13609,430595,49821,227469,176114,38617,590486,61156,453344,662665,33562,71080,899309,562795,507581,829728,104162,223867,11250,33740,7981,4474,24702,394646,433555,32808,666585,463,885,14948,17401,252246,607942,1105,231255,90643,17629,60489,78118,83095,411646,153095,175456,328240,139437,97253,609661,183921,60090,86592,18736,7766,77267,1091,2325,1877,4202,692,129,821,180,293,473,476,7065
231,BIHAR,Bhojpur,2728407,1430380,1298027,1599151,973486,625665,425402,222716,202686,13977,7363,6614,822493,640283,182210,512009,310484,1905914,190896,364875,47985,218737,2518216,197819,2165,544,647,1472,48,7496,45763,62153,3661,34658,434559,77368,511927,581580,605307,367059,313509,163303,131137,10630,2172525,1005140,3177665,1722387,613072,387389,5559,206776,7391,119372,43689,11934,246774,4227,87879,268330,9622,35885,386150,216412,112983,401256,9625,152852,6058,7772,2527,1326,6854,199143,296961,4543,387248,81,268,4615,5428,78650,312557,464,15589,3508,8370,25259,33629,29472,142899,49809,63618,150381,88646,24348,228026,94321,36903,58276,13900,7473,34932,602,1068,535,1603,243,21,264,30,48,78,53,2600
232,BIHAR,Buxar,1706352,887977,818375,989807,593544,396263,251737,131821,119916,26824,14102,12722,538322,402180,136142,328547,209775,1168030,132472,251790,26122,127938,1591454,105423,2125,248,5090,97,57,1858,27362,46760,1784,19324,299252,35405,334657,331675,420187,256124,178044,89306,64117,5224,1344677,457814,1802491,1074754,375372,253998,2228,137996,5341,78643,26325,7107,162604,2034,48405,174119,4408,27055,244087,130771,64826,254972,4718,92957,2628,3645,1201,589,3597,131627,194429,4471,240965,94,212,3395,4002,54463,188476,301,10728,3437,4625,15443,20068,18203,88936,30535,40198,96849,56545,19459,144919,59439,23401,37653,9136,5116,20387,392,653,313,966,135,8,143,12,19,31,25,1556
233,BIHAR,Kaimur (Bhabua),1626384,847006,779378,920276,549923,370353,369088,192686,176402,57981,29717,28264,511163,375959,135204,284646,226517,1115221,125070,268597,24880,92616,1456229,155283,1407,296,7707,129,1534,3799,12540,52899,2100,17223,325143,15299,340442,318859,294927,210899,147315,86815,70169,9576,1138560,551317,1689877,1039302,353413,226808,6861,111045,6503,62200,22998,6400,138835,1909,48728,149676,4441,15757,227705,98119,40996,239653,3017,67674,2417,2429,1040,552,2239,146929,201917,17969,210155,593,692,3307,4868,66396,135987,276,9201,1678,4664,15949,20613,17613,82959,28232,37114,90647,50829,42665,138993,55262,21298,33188,7723,4167,17605,363,584,252,836,113,3,116,4,6,10,9,1331
234,BIHAR,Rohtas,2959918,1543546,1416372,1799832,1061783,738049,549546,286596,262950,31650,16399,15251,924879,707939,216940,542439,382440,2035039,218087,405544,48512,252736,2645415,300487,2889,2569,1584,252,537,6185,41659,114893,4594,36279,512383,95678,608061,535187,548971,399053,333053,194928,161555,16006,2188753,876443,3065196,1875174,673742,407193,3809,224824,10819,123491,49892,12400,291988,4727,106218,312557,8169,28748,432151,248462,128652,433720,15995,163333,5119,5419,2969,1544,6234,207416,322377,8126,412516,121,556,5613,6761,73129,356548,471,25242,5158,8103,27143,35246,32977,166203,57298,75928,166881,87548,26201,260042,103275,37743,58724,13663,7318,33837,299,588,363,951,167,20,187,28,45,73,46,1555
235,BIHAR,Aurangabad,2540073,1318684,1221389,1466002,868733,597269,612064,316161,295903,1033,500,533,837770,599157,238613,480286,357484,1702303,178525,426096,40652,192497,2291133,237353,2218,295,334,775,19,7946,24106,44456,2362,31168,428291,49006,477297,559512,482199,302662,253142,136783,91371,8329,1833998,784131,2618129,1626969,564571,340948,7585,195301,7145,102946,32335,8511,221469,2292,45871,235248,5268,25019,367543,166509,84329,377134,6754,116469,4141,5123,1849,867,4133,220613,298422,12987,349524,170,221,5513,6326,101279,247664,422,13998,2770,6645,23974,30619,27722,137515,47730,62063,143408,75580,38179,221195,88642,32349,49556,11594,5613,27729,585,940,435,1375,170,12,182,17,27,44,29,2215
236,BIHAR,Gaya,4391418,2266566,2124852,2297613,1368803,928810,1334351,683943,650408,3098,1635,1463,1664062,1076170,587892,1007057,657005,2727356,370759,783505,87178,422620,3876395,488121,3943,913,870,1723,108,19345,57738,112617,6856,57011,696289,111282,807571,902272,757690,447480,342254,191824,131163,12047,2784730,1953368,4738098,2810026,936630,537333,107429,294227,11827,161992,59202,16741,356281,7865,107970,383973,10951,51489,648810,260921,167232,665673,18754,164629,12165,18890,4938,2139,11887,429584,516431,57516,577098,573,1505,8979,12336,246837,312298,1279,37002,15636,10388,43065,53453,51094,252000,86740,114166,262055,122997,131370,396876,161407,57349,87698,20540,9809,44524,979,1650,813,2463,330,32,362,45,73,118,75,3998
237,BIHAR,Nawada,2219146,1144668,1074478,1091012,659474,431538,565112,290050,275062,2045,997,1048,817041,539439,277602,508509,308532,1402105,216400,397505,40018,163118,1964620,244394,1299,250,176,279,80,8048,20522,31162,1841,28411,379551,45323,424874,601011,368649,195072,161127,95943,64585,3130,1489517,1091439,2580956,1440781,485628,288805,3932,75606,3991,57986,15948,5805,172239,1322,34020,182748,4704,34494,316609,132057,77297,336216,7706,91060,5829,10861,1644,723,5538,214692,265929,23777,299668,238,889,7409,9102,131390,149765,566,10224,2137,5117,19722,24839,23197,117974,40493,54284,132750,71186,65594,194211,80648,31140,48312,11542,5630,23578,561,820,374,1194,98,10,108,14,23,37,22,1924
238,BIHAR,Jamui,1760405,916064,844341,858588,534385,324203,302649,155849,146800,78793,40185,38608,727571,452288,275283,445352,282219,1032834,156491,331466,105637,133977,1525746,217621,8443,162,159,87,3438,4749,12984,32633,1839,22414,325909,30851,356760,420472,317612,153973,104211,56137,29633,3439,1085477,765297,1850774,1135919,392052,227016,5418,113424,4842,51172,18411,8130,147950,1341,27056,159792,3712,24808,275316,64170,45733,300265,5351,43913,3448,7502,1345,477,5721,244121,260059,117154,162989,844,5009,3450,10169,153708,66941,866,12828,2079,5498,25310,30808,30414,132724,47218,55092,102930,41829,87642,203766,54928,17180,24953,5531,2242,24644,396,654,291,945,130,7,137,9,15,24,14,1516
239,BIHAR,Jehanabad,1125313,585582,539731,618881,374412,244469,222974,115034,107940,1285,667,618,365378,266423,98955,251690,113688,759935,86108,179519,15075,84676,1045117,75742,691,148,248,60,58,3249,15507,27641,1106,11302,186660,28132,214792,211761,165906,117558,112966,68748,45519,3539,725997,495877,1221874,714244,254582,155106,1381,69637,2522,49416,13682,3263,94340,1251,32086,100130,2527,15987,171798,74772,50439,176076,4205,49655,4098,3673,871,249,2913,106874,129431,5236,165527,56,54,2880,3149,60659,99381,159,6054,1009,3148,11836,14984,14459,69576,24518,30599,65873,31213,21606,108063,39854,14343,21132,4802,1987,12597,248,408,190,598,81,5,86,6,10,16,13,960
240,BIHAR,Arwal,700843,363497,337346,386351,235279,151072,141314,72885,68429,590,283,307,236354,167991,68363,161277,75077,464489,49127,144698,6758,35771,634099,64259,390,59,323,74,60,1579,4176,2203,413,6378,134334,9960,144294,123288,118311,80704,81975,48822,27945,1435,482480,290095,772575,444448,156031,98550,1814,55439,1386,35782,7667,1883,60636,360,11482,63570,1051,9033,112002,51433,27875,116189,943,41524,1560,2449,774,227,1859,66370,88764,2380,111974,7,46,1087,1207,28154,83287,67,1659,159,2263,8041,10304,9825,46359,16388,20146,43242,17898,6362,72909,25292,8095,11654,2549,1010,7948,149,265,126,391,68,4,72,5,6,11,0,621
602,TAMIL NADU,Thiruvallur,3728104,1876062,1852042,2791721,1495711,1296010,821646,410526,411120,47243,23692,23551,1538054,1103563,434491,1247918,290136,2190050,73444,270586,58240,1135784,3325823,143093,233633,1422,951,3693,530,18959,621907,909400,75634,174279,387237,732196,1119433,181452,461918,600731,622789,303091,451321,66378,2687680,610048,3297728,1925296,1154775,643614,4419,374923,54505,222750,363741,62993,630578,112276,857364,772398,78827,17057,805187,786843,636991,636443,291863,133464,474,76666,11779,5948,10795,151979,280985,53570,175520,1374,412,41640,44284,531907,343722,858,625071,148885,32054,118838,150892,185181,671689,321799,164709,103687,12554,63193,717165,93063,9615,10766,1021,130,117828,539,1940,1732,3672,1137,455,1592,472,876,1348,580,7731
603,TAMIL NADU,Chennai,4646732,2335844,2310888,3776276,1968079,1808197,779667,389001,390666,10061,5207,4854,1817297,1369302,447995,1619554,197743,2829435,14454,13674,37345,1751824,3751322,439270,358662,2851,2804,51708,1759,38356,910262,1096334,217368,355838,0,1314125,1314125,167207,516445,720331,801050,464207,905515,67277,3642032,419065,4061097,2271657,1468902,899279,6894,409796,146388,398414,515581,114191,688857,264763,1055696,1017122,214074,9435,1092062,1073399,1057802,522493,565934,15930,619,7440,3927,2888,2587,33168,6553,3500,170162,1061,49,18353,19543,245763,844285,80,908587,43461,30582,139139,169721,237897,798018,377533,182588,122912,15916,16519,859219,111380,15288,17628,1926,414,118340,471,2117,3685,5802,1954,1866,3820,748,1214,1962,3686,15742
604,TAMIL NADU,Kancheepuram,3998252,2012958,1985294,3013382,1611461,1401921,948081,474264,473817,41210,20605,20605,1673814,1181308,492506,1367378,306436,2324438,89343,272514,54732,1257225,3537399,173785,256762,1620,990,4962,756,21978,622095,961161,100322,200738,438799,774705,1213504,183054,535947,608188,634172,312208,526886,67354,2867809,678374,3546183,2076492,1200284,715895,5581,425865,68427,240359,418526,63983,665334,137686,904619,832716,103399,13344,822329,805076,651240,700252,281627,132855,475,51093,9902,5912,9949,188733,323242,39231,163172,1413,1411,26856,32942,496248,435671,3262,732354,129924,37098,128984,166082,196143,701330,325921,179266,115195,11202,61890,761575,97620,10013,11193,1025,155,123421,541,1993,1965,3958,1138,560,1698,522,832,1354,797,8349
605,TAMIL NADU,Vellore,3936331,1961688,1974643,2773928,1504355,1269573,860212,424668,435544,72955,36663,36292,1689330,1123874,565456,1360185,329145,2247001,175108,391955,136415,985852,3397857,414760,111390,676,438,3514,251,7445,417535,865913,20623,69912,653499,486801,1140300,191963,721473,719731,641585,311434,308514,71127,2965827,891430,3857257,2096113,1116437,720713,3068,491133,20393,93309,286002,45427,562422,36342,797713,653681,45832,18371,668730,693191,381181,764911,144061,240563,741,49781,26385,24708,9537,234127,523845,26842,115013,515,616,10424,12602,524806,324328,1047,765045,91887,36290,101364,137654,149485,615915,267798,198632,159413,14336,78184,681392,113434,12677,14378,1470,231,118114,789,2455,1670,4125,1082,579,1661,340,777,1117,402,8092
606,TAMIL NADU,Tiruvannamalai,2464875,1235889,1228986,1626813,909803,717010,565329,282615,282714,90954,45956,44998,1238177,738995,499182,970072,268105,1226698,292641,525063,46720,373753,2294369,91636,66987,232,157,7898,110,3486,176242,549077,6445,27529,563102,147061,710163,203879,442688,423135,343955,174560,158041,36454,1782712,672427,2455139,1301347,683904,477668,1956,309133,7851,73410,138956,23596,345750,10740,505170,389329,19983,12541,349169,262010,135162,536269,47934,102902,253,25166,3628,2926,4166,331254,449825,32837,53134,310,700,2850,4775,401432,157967,915,496596,40597,27323,68693,96016,90489,382614,165526,126599,105226,9408,33865,422698,77068,8445,9562,968,149,83936,545,1519,798,2317,483,324,807,118,271,389,131,4189
607,TAMIL NADU,Viluppuram,3458873,1740819,1718054,2195776,1234479,961297,1015716,510869,504847,74859,37570,37289,1703249,1017383,685866,1260802,442447,1755624,369646,832213,38237,463153,3174941,133896,138279,325,238,4032,278,6884,228172,748444,8472,43311,808042,159272,967314,202930,646306,549742,508930,246856,229726,45680,2430170,999902,3430072,1881463,949892,624042,3476,351418,13030,101921,184050,35440,484134,14829,676077,547305,27731,15143,459716,307759,169801,726665,67280,125683,190,21746,3534,1117,7054,496584,621276,35352,90689,842,1555,5283,9540,612231,134578,1860,663958,59841,27779,86811,114590,120940,518788,222320,175528,154822,16143,57534,579796,107471,12652,14726,1706,368,102350,730,2002,1041,3043,564,437,1001,118,271,389,143,5306
608,TAMIL NADU,Salem,3482056,1781571,1700485,2285562,1285107,1000455,580512,294062,286450,119369,60489,58880,1694160,1083797,610363,1561030,133130,1787896,257004,454210,141503,841443,3326357,95487,53841,412,174,992,246,4547,448968,835377,20660,63867,572813,597539,1170352,188672,571061,518763,457866,242306,296399,60365,2335432,955045,3290477,1737345,1029479,713294,1938,441388,30660,196973,352121,38760,564666,39279,749932,650064,46638,16423,681331,573822,321173,706525,199211,176899,310,36933,34442,32290,10005,345077,495095,79818,96292,1128,1706,6722,9970,593208,226846,414,723966,77409,54960,141704,196664,176298,611941,277832,157811,104034,6260,98845,678452,98849,7933,8622,609,80,132976,642,2185,1727,3912,1197,523,1720,437,943,1380,515,8169
609,TAMIL NADU,Namakkal,1726601,869280,857321,1176131,653312,522819,345392,173973,171419,57059,29383,27676,898245,531463,366782,839152,59093,828356,158473,253726,38797,447249,1673652,32483,16909,183,108,84,199,2983,265276,441044,8960,31581,370357,257127,627484,123573,297179,247516,214836,126468,169206,21582,1200360,388418,1588778,817905,510413,397064,1219,262313,18550,138294,212434,22258,300910,19466,418420,352439,29271,7462,378236,330625,194417,343287,126986,98709,263,49551,2274,1361,4415,147132,209494,35099,66003,578,2340,3523,6595,308684,140627,154,365810,61860,36901,87385,124286,100172,313747,146278,67297,38032,1692,28446,354019,45345,2788,2947,145,14,75446,309,1050,890,1940,506,241,747,220,358,578,249,3824
610,TAMIL NADU,Erode,2251744,1129868,1121876,1492662,828300,664362,369483,184408,185075,21880,11024,10856,1195773,732083,463690,1111051,84722,1055971,178170,370212,54322,593069,2115455,76098,55899,435,148,639,157,2913,371015,595211,18604,58861,411286,432398,843684,175017,345914,319484,269016,155344,215514,30391,1510680,608003,2118683,1006543,701326,542295,1580,368604,33405,174975,288543,45036,383623,37339,557479,483430,54771,10196,529392,503567,322847,466373,177609,157871,321,61973,3697,2655,8086,155167,275878,35671,95965,922,5672,3095,9959,393062,234189,270,511890,88031,55751,124130,179881,152415,434027,203567,78045,42331,2495,31483,487375,56971,3695,3912,196,21,110476,521,1933,1748,3681,1130,450,1580,513,933,1446,491,7719
611,TAMIL NADU,The Nilgiris,735394,360143,375251,569647,299447,270200,235878,115917,119961,32813,16091,16722,349974,212172,137802,318924,31050,385420,15645,79100,3895,251334,569477,78452,84610,338,382,910,87,1138,86277,180261,4561,17935,112126,151979,264105,47555,122821,130678,133569,76132,69657,8328,588740,114497,703237,352516,231451,150804,623,11234,9543,29574,15344,8728,126977,5399,180262,149269,13564,3912,189478,153523,103216,130679,44454,26836,26,27949,3121,2313,3539,45399,72931,15347,2640,7170,1546,602,10628,140882,42631,1310,157127,2431,13340,29193,42533,38935,135061,65333,30793,19667,1661,15409,144624,20125,1942,2182,207,33,31991,139,499,432,931,314,121,435,116,246,362,163,2029
612,TAMIL NADU,Dindigul,2159775,1080938,1078837,1481834,816180,665654,452376,225573,226803,8064,4095,3969,1105155,665469,439686,963017,142138,1054620,165405,467959,30829,440962,1879494,105012,169945,313,256,71,138,4546,209640,500057,9155,38677,443818,269724,713542,207751,386421,372636,282628,153100,163050,29443,1595029,480681,2075710,1065734,647806,443528,2707,222834,15538,130963,147737,23837,335455,15800,458486,379839,20547,9191,458498,356703,187447,445908,106467,110764,391,36351,4884,3086,4960,206469,330624,21095,66961,3328,1758,5001,11021,381313,140831,934,459347,57892,30279,83532,113811,107295,375642,172444,95903,68502,5217,41028,414781,64405,6056,6698,543,99,77288,421,1362,1000,2362,634,322,956,228,479,707,236,4682
613,TAMIL NADU,Karur,1064493,528184,536309,727044,401726,325318,221385,108809,112576,575,297,278,543298,329034,214264,508507,34791,521195,85872,200837,11340,245249,993666,53292,16483,115,29,7,79,822,135831,264949,4915,17995,212241,152420,364661,76629,190229,167466,146666,77874,85595,14951,759410,276930,1036340,501585,320645,241843,420,153941,10648,73515,117119,13922,183206,10393,250010,210748,13620,4724,221882,168148,118708,221047,61893,43109,60,14410,1201,468,3276,119700,153234,7098,26150,291,683,2094,3091,167820,106194,23,250198,20977,21751,45727,67478,57883,185113,82916,44314,32276,2981,13834,206574,31734,2873,3206,291,42,46334,199,628,485,1113,267,158,425,99,172,271,145,2151
614,TAMIL NADU,Tiruchirappalli,2722290,1352284,1370006,2038981,1087765,951216,466561,230790,235771,18198,9414,8784,1213979,789206,424773,1082329,131650,1508311,170669,378782,30386,634142,2279413,190964,246156,324,250,628,253,4302,333478,651621,30046,79588,452707,423020,875727,229415,444023,447474,418930,223178,291506,70392,2124918,401149,2526067,1346661,797258,575960,2411,362952,28571,233925,234290,34800,447223,49741,592152,537414,55391,12804,556177,398567,340058,500203,188095,59769,566,29132,13913,11815,7220,302285,302377,12369,70112,888,862,4714,7303,375662,287219,839,607773,47674,43903,98241,142144,132507,461837,205632,123698,89376,7495,37971,513890,67755,6897,7775,739,139,111432,472,1610,1450,3060,841,490,1331,329,573,902,646,6411
615,TAMIL NADU,Perambalur,565223,282157,283066,375823,208011,167812,175289,87444,87845,2584,1292,1292,299726,162639,137087,255097,44629,265497,117304,118278,5343,58801,521658,32702,10301,83,39,38,26,376,49390,135751,1507,7745,155413,33179,188592,85210,106751,85101,71650,41447,44025,9189,443373,109011,552384,291371,158218,115151,483,59863,2259,25925,32178,6678,90597,2687,125953,103116,5841,2940,119795,56453,33135,132395,14725,16674,33,4809,1033,144,1214,92948,109778,7474,16041,67,59,864,1923,111622,28692,933,122903,9740,11089,24583,35672,28566,95746,41020,26160,16991,992,9087,105551,14136,1057,1159,92,10,28555,117,346,242,588,87,79,166,40,36,76,31,979
616,TAMIL NADU,Ariyalur,754894,374703,380191,480604,269582,211022,176230,88076,88154,10722,5274,5448,359851,212547,147304,272241,87610,395043,107312,166837,13564,72138,708397,7942,37403,104,88,65,42,853,39642,177502,1749,8371,223955,30322,254277,60697,134123,113437,96860,53934,57524,16126,532701,233438,766139,380484,216103,157771,536,104900,2937,36609,40913,5367,121775,3046,165150,134358,7216,6348,159746,40121,35933,181005,14004,10906,197,4701,588,153,1950,157985,158588,7201,14696,347,275,1006,2237,152795,32840,609,173304,8599,12986,30209,43195,35012,125800,52855,37933,27758,1353,12471,146444,18746,1243,1339,87,9,31577,196,518,234,752,121,108,229,19,44,63,18,1258
617,TAMIL NADU,Cuddalore,2605914,1311697,1294217,1815281,1000322,814959,763944,383943,380001,15702,7943,7759,1169880,749633,420247,837271,332609,1436034,165170,539412,32027,433271,2391675,123749,83334,401,236,1280,138,5101,244610,598412,15396,50938,497429,260780,758209,169844,412237,418769,386652,186394,227530,67411,1868837,634041,2502878,1364411,764669,473617,3217,343988,19828,121956,178515,30829,409698,27077,555029,470021,29494,13516,455369,293116,230004,526657,98143,85176,279,23981,3082,1607,6763,344306,394057,8151,122085,1409,464,4070,6081,389219,212704,138,498446,62059,25226,75857,101083,107152,431186,192059,131975,97658,7495,35499,473604,65535,6433,7371,773,165,90912,519,1580,1097,2677,683,405,1088,200,432,632,385,5300
618,TAMIL NADU,Nagapattinam,1616450,798127,818323,1213008,640916,572092,509767,252332,257435,3756,1847,1909,671994,461174,210820,486328,185666,944456,67482,345057,11555,247900,1435072,128617,47579,184,450,963,110,3475,143846,381940,5585,19692,399016,118724,517740,136593,323359,313357,249630,122350,125639,35762,1306690,253572,1560262,828444,463326,323706,974,219886,9042,111474,86939,29771,216892,9238,362211,282418,35755,12469,352112,155663,163184,365468,40644,35519,132,13592,2193,506,5329,256993,238621,5211,134810,151,71,3838,4351,282989,104497,291,266938,20471,23473,57264,80737,75810,273370,118314,79246,54186,4363,25170,308480,31907,3303,3832,436,93,68437,334,992,697,1689,313,253,566,110,157,267,170,3026
619,TAMIL NADU,Thiruvarur,1264277,626693,637584,946471,503085,443386,430927,214717,216210,3034,1466,1568,540168,369853,170315,412425,127743,724109,69883,295188,10440,164657,1132785,96092,33192,258,151,279,64,1456,109580,303114,4416,15535,321331,86848,408179,138960,250163,243773,203450,103908,99082,28166,1067502,175564,1243066,627880,377118,257116,2163,189906,6790,80899,72916,33727,159818,6894,287260,225629,32084,11980,295870,116640,130231,287483,34994,27218,89,12762,1062,369,4145,211331,186342,860,78485,287,134,2493,3155,231871,81976,241,244534,21924,18370,44333,62703,59777,222880,99402,63701,39566,2822,14124,247478,27515,2565,2918,288,65,50060,271,781,497,1278,240,193,433,65,117,182,108,2272
620,TAMIL NADU,Thanjavur,2405890,1182416,1223474,1790998,944264,846734,455062,225859,229203,3561,1739,1822,974079,680483,293596,834484,139595,1431811,129913,415361,31200,397605,2075870,190814,133971,231,795,1256,148,2805,223044,555582,13495,42912,479070,274302,753372,138375,431983,419605,373111,178126,222410,49261,1812871,461123,2273994,1193095,712017,499235,1543,343328,17231,137848,161750,30075,374054,24121,522490,446982,42853,21937,514461,275134,272623,475525,108700,59898,171,18669,10854,9827,6974,329940,307799,1831,97701,1448,152,2937,4635,374666,209948,98,499900,34935,31686,77638,109324,111423,405697,180123,114151,82659,7394,20460,445798,58184,6279,7135,710,146,93957,481,1474,1064,2538,603,389,992,187,370,557,348,4914
621,TAMIL NADU,Pudukkottai,1618345,803188,815157,1110545,608776,501769,284804,141428,143376,1283,647,636,761693,471099,290594,640248,121445,856652,209270,305149,13941,233333,1428784,114194,72850,119,81,32,293,1992,82967,354493,4494,18272,399712,104229,503941,97231,283299,270046,251855,121706,111731,31315,1167183,447346,1614529,835853,470428,311175,889,209024,7882,88107,110324,17749,249584,8191,324444,286329,18996,14516,245499,112174,109247,344074,42109,24329,119,15330,4166,2875,4963,278454,272449,10324,39632,5933,2213,6134,36768,275689,57015,22488,301552,28927,17015,42319,59334,60971,255959,109856,85132,68484,6851,57924,283940,46461,5400,6160,661,99,54067,349,1005,636,1641,282,229,511,86,132,218,92,2812
622,TAMIL NADU,Sivaganga,1339101,668672,670429,959744,526304,433440,227746,113599,114147,790,394,396,620171,391305,228866,461102,159069,718930,141003,199563,14656,264949,1186078,74310,75481,150,80,109,24,2869,113822,314270,5773,24456,309224,143193,452417,101778,216931,236700,199263,103903,115894,23941,998410,311112,1309522,666218,391356,280462,1065,172619,8222,95318,91250,19993,218773,10799,304124,258837,20071,8534,246861,149850,139173,277432,59229,25876,96,21288,1927,953,4907,192110,190284,18405,49164,1477,1326,4331,32547,203801,84326,25413,235593,36636,19607,44563,64170,60028,226250,101019,65203,46184,5356,53833,245294,39006,4472,5165,602,91,52495,248,757,578,1335,258,205,463,103,137,240,169,2456
623,TAMIL NADU,Madurai,3038252,1526475,1511777,2273430,1223810,1049620,408976,205098,203878,11096,5622,5474,1354632,902704,451928,1173902,180730,1683620,92719,372828,47293,841792,2760502,168881,97711,520,199,1532,305,8602,391821,754141,34097,95311,417718,592723,1010441,234611,525151,532616,453509,250285,363152,39350,2398674,449125,2847799,1528178,913715,593827,2532,325803,30852,228106,228557,41298,530152,54832,708942,618922,47472,10479,714764,551839,472221,491822,279755,66623,304,26772,8103,5747,7653,246100,283179,3207,90919,2055,810,19034,23070,434208,298527,1171,678712,62999,40659,113256,153915,154348,552457,258941,139168,83006,8561,65204,605700,71390,7350,8241,762,129,112608,458,1632,1526,3158,980,502,1482,372,710,1082,738,6917
624,TAMIL NADU,Theni,1245899,625683,620216,870080,479403,390677,258200,129900,128300,1835,954,881,591642,368900,222742,530591,61051,654257,38367,315161,14939,223175,1148990,56751,37574,152,79,28,74,2251,147529,312310,4667,18830,189328,221295,410623,90590,219747,213496,156676,95231,101147,14674,891561,270738,1162299,618923,373564,252267,1145,99044,6607,57897,58034,11907,187358,6570,291879,209456,10191,5614,304761,275383,134167,243448,78115,61723,225,14776,2136,1117,2253,65582,136873,996,12593,508,1281,4165,5981,191986,133986,27,320379,11199,22306,53484,75790,67104,230233,110055,53074,32434,2508,14993,253069,30050,2641,2892,221,30,54954,218,734,506,1240,401,169,570,153,367,520,94,2642
625,TAMIL NADU,Virudhunagar,1942288,967709,974579,1398788,760375,638413,399831,198704,201127,2294,1182,1112,950158,579111,371047,854066,96092,992130,57153,208702,35298,649005,1822626,47838,67405,245,87,98,75,3914,235005,505950,10219,37357,363782,370942,734724,163264,398670,317054,230321,138306,167506,35156,1450277,403246,1853523,987538,575006,378174,1570,282826,9845,109937,119486,21904,308362,17403,457317,353909,23643,7084,498189,317795,167021,379629,149739,64628,328,16606,11927,9753,4232,222337,283237,4158,61793,684,1504,16410,18701,380659,116349,103,453098,35098,44466,89433,133899,103255,355973,165669,87049,46868,3392,43124,410503,36597,2872,3150,239,39,89882,364,1185,921,2106,595,298,893,199,416,615,321,4300
626,TAMIL NADU,Ramanathapuram,1353445,682658,670787,978946,536487,442459,249008,125015,123993,1105,559,546,602977,392751,210226,486150,116827,750468,173767,153874,25228,250108,1047411,208038,91139,154,86,29,36,6552,100484,291400,5172,22379,290478,126761,417239,246909,293886,236511,189132,105978,97405,16785,1186606,107292,1293898,708322,389764,252888,2471,125445,5524,67893,49605,18385,217349,5886,284169,252000,16266,8534,244729,130578,120474,270430,51959,29619,112,21480,4182,1395,6240,198377,197472,48007,26315,1170,3192,22842,52359,217014,34430,25155,190837,13731,12698,37331,50029,53869,215193,93892,67432,56029,7704,77511,232329,38952,5592,6654,845,217,51020,265,778,504,1282,268,185,453,75,151,226,112,2340
627,TAMIL NADU,Thoothukkudi,1750176,865021,885155,1349697,703106,646591,347895,172663,175232,4911,2466,2445,748095,503727,244368,657447,90648,1002081,48515,200644,22863,476073,1373920,80740,291908,127,286,53,112,3030,200616,437916,11455,35791,336078,300661,636739,153922,372036,315817,227154,133010,155613,31525,1389077,265032,1654109,887717,499377,361374,1708,238770,14650,100451,124851,21769,291485,18842,407876,344974,31720,7586,395509,289243,232062,334992,120883,57791,334,19186,2817,1621,6586,175081,213983,7483,44596,183,1162,8856,12079,285519,141338,1878,397652,22241,37529,69621,107150,81999,293049,129205,81845,59135,4990,37467,341382,35928,3323,3672,305,44,83342,310,1016,853,1869,452,273,725,187,294,481,292,3677
628,TAMIL NADU,Tirunelveli,3077233,1520912,1556321,2273457,1210710,1062747,569714,279570,290144,10270,5109,5161,1436454,876175,560279,1271407,165047,1640779,115715,379763,239664,701312,2425630,303368,342254,268,373,144,450,4746,361760,779130,19070,63590,547962,516705,1064667,263517,618656,517646,390495,220088,247635,71437,2329474,621010,2950484,1554277,876129,644563,2264,379446,24290,183729,195295,48828,468175,29935,694984,571195,54192,11111,716049,471783,390799,641511,163635,100348,419,66068,9471,7021,10677,348544,353711,3638,64366,619,2719,14772,18456,485131,296790,346,731794,43906,62258,121617,183875,145882,531125,237453,147790,96746,8581,38406,606589,69205,6758,7638,740,140,136895,572,1979,1624,3603,1091,469,1560,424,858,1282,484,7501
629,TAMIL NADU,Kanniyakumari,1870374,926345,944029,1548738,780541,768197,74249,36817,37432,7282,3554,3728,679620,524629,154991,552658,126962,1190754,15610,72867,35789,555354,909872,78590,876299,160,438,156,10,4849,199188,465692,15673,52943,104253,493788,598041,134236,331559,314029,322511,226312,254107,43034,1625788,210901,1836689,887052,556548,425849,925,122491,21577,80942,115092,49311,302741,23194,438938,398548,46496,14252,444622,300602,427853,420282,57337,47817,192,151480,3057,1169,26156,188599,34878,65425,54896,2350,1315,4819,8895,260206,189576,411,318483,50632,22630,54799,77429,85208,348564,172003,91353,57448,5760,39419,343647,55107,5937,6697,646,114,83750,275,1048,990,2038,662,246,908,291,534,825,332,4377
630,TAMIL NADU,Dharmapuri,1506843,774303,732540,917709,527599,390110,245392,124706,120686,63044,32130,30914,751170,446057,305113,652996,98174,755673,201328,267345,15341,267156,1452956,38304,14089,164,39,37,87,1167,104785,337972,3651,18927,396819,91107,487926,129778,240222,221194,177877,103367,112592,26069,1011099,512824,1523923,804186,434328,267536,793,164521,5843,52200,107968,19859,222790,7687,310765,258752,16103,8871,229150,181094,72402,344702,32008,89072,214,15041,1139,716,3861,199830,301065,59989,99607,299,939,2270,3633,281438,37897,125,212222,48634,18542,49127,67669,61578,252941,114633,76730,56310,4004,61589,280175,50837,4998,5458,409,51,44454,380,969,370,1339,255,180,435,42,92,134,76,2364
631,TAMIL NADU,Krishnagiri,1879809,960232,919577,1187958,667062,520896,267386,135474,131912,22388,11419,10969,877779,561634,316145,742001,135778,1002030,236038,263328,21918,356495,1723737,115303,35956,468,121,373,221,3630,151246,409237,9619,38239,437988,142552,580540,135813,290351,289026,276694,133744,137081,24128,1286837,578724,1865561,1034474,533183,311238,914,153645,13381,40737,150122,20376,283487,19571,383553,321489,17626,8121,343998,291593,148607,371936,73339,92796,242,28231,2997,1448,5120,158469,289169,21597,78379,1279,741,3237,5555,320796,84846,298,340224,50206,17909,48218,66127,74424,299838,136655,88759,76103,7994,44420,329145,60956,7239,8204,820,145,51757,409,1155,696,1851,322,279,601,76,143,219,125,3203
632,TAMIL NADU,Coimbatore,3458045,1729297,1728748,2635907,1394790,1241117,535911,266960,268951,28342,14245,14097,1567950,1083125,484825,1443252,124698,1890095,80217,230026,50085,1207622,3044145,211035,190314,1112,435,3284,237,7483,675153,896325,63273,149920,284795,884957,1169752,220388,466745,523563,526165,273098,440520,53709,2504188,519919,3024107,1579517,1117221,757738,3569,353990,87211,286145,445588,51417,635226,109489,841918,777347,90704,9138,895691,852521,630809,561733,346382,156267,520,71781,5995,3270,6993,93422,209677,14470,30861,758,1164,7643,9663,349543,559777,98,886960,27863,46603,155662,202265,230417,668312,314321,123574,69356,6010,36623,730354,82440,7282,7924,561,81,125225,725,2868,3206,6074,1958,1062,3020,847,1435,2282,1837,13938
633,TAMIL NADU,Tiruppur,2479052,1246159,1232893,1760566,959623,800943,395876,196907,198969,5458,2740,2718,1266137,819783,446354,1168596,97541,1212915,135817,246333,40988,842999,2278835,123983,70015,455,198,371,119,5076,463530,655073,17181,55311,356886,538022,894908,192583,444390,369432,298635,170870,179733,21436,1677079,552447,2229526,1177987,794639,504674,1752,290774,43477,177832,333579,40073,475349,34742,609808,560785,45363,7814,644967,592867,400593,434928,251957,154165,401,67678,3718,2277,8039,107839,248181,23777,52467,244,1574,6611,8542,342558,325939,113,611353,47188,43625,128625,172250,169098,481695,227074,85523,43837,2924,32209,543330,54213,3576,3818,219,23,99345,510,1993,2316,4309,1370,838,2208,576,978,1554,1446,10027
